{"mean": [-1.5035617920969269, -1.622969262842295, 28.55947887952779, 106.36894128045682, 106.2037459981956], "scale": [120.46458373345601, 162.65994085612715, 163.8968634681869, 77.60706210001209, 77.7090109472115]}